timestamp, temperature.gpu, pstate, clocks.current.graphics [MHz], power.draw [W], utilization.gpu [%]
2026/10/04 00:57:26.088, 51, P8, 210 MHz, 3.21 W, 17 %
2026/10/04 00:57:27.093, 53, P0, 2250 MHz, 7.34 W, 63 %
2026/10/04 00:57:28.100, 79, P0, 2175 MHz, 68.11 W, 100 %
2026/10/04 00:57:29.108, 83, P0, 2250 MHz, 66.39 W, 100 %
2026/10/04 00:57:30.114, 82, P0, 2160 MHz, 64.97 W, 100 %
2026/10/04 00:57:31.123, 80, P0, 2490 MHz, 63.40 W, 100 %
2026/10/04 00:57:32.131, 84, P0, 2205 MHz, 64.85 W, 100 %
2026/10/04 00:57:33.136, 65, P0, 2535 MHz, 45.22 W, 2 %
2026/10/04 00:57:34.149, 61, P0, 2550 MHz, 25.17 W, 2 %
2026/10/04 00:57:35.158, 56, P5, 495 MHz, 13.98 W, 8 %
2026/10/04 00:57:36.164, 54, P8, 345 MHz, 5.40 W, 12 %
2026/10/04 00:57:37.175, 54, P8, 255 MHz, 3.34 W, 10 %
2026/10/04 00:57:38.190, 53, P8, 210 MHz, 3.35 W, 13 %
2026/10/04 00:57:39.199, 83, P0, 2340 MHz, 53.70 W, 100 %
2026/10/04 00:57:40.208, 84, P0, 2070 MHz, 67.87 W, 100 %
2026/10/04 00:57:41.220, 81, P0, 2145 MHz, 62.65 W, 100 %
2026/10/04 00:57:42.230, 83, P0, 2460 MHz, 63.55 W, 100 %
2026/10/04 00:57:43.242, 82, P0, 2460 MHz, 62.27 W, 100 %
2026/10/04 00:57:44.251, 66, P0, 2535 MHz, 44.03 W, 2 %
2026/10/04 00:57:45.259, 62, P0, 2550 MHz, 25.35 W, 2 %
2026/10/04 00:57:46.271, 57, P5, 525 MHz, 16.60 W, 6 %
2026/10/04 00:57:47.280, 55, P8, 360 MHz, 5.41 W, 12 %
2026/10/04 00:57:48.295, 55, P8, 270 MHz, 3.39 W, 12 %
2026/10/04 00:57:49.301, 54, P8, 210 MHz, 3.35 W, 13 %
2026/10/04 00:57:50.311, 81, P0, 2475 MHz, 52.63 W, 100 %
2026/10/04 00:57:51.316, 84, P0, 2475 MHz, 64.62 W, 100 %
2026/10/04 00:57:52.327, 85, P0, 2220 MHz, 63.97 W, 100 %
2026/10/04 00:57:53.340, 83, P0, 2205 MHz, 62.01 W, 100 %
2026/10/04 00:57:54.350, 81, P0, 2010 MHz, 59.02 W, 100 %
2026/10/04 00:57:55.354, 84, P0, 2445 MHz, 59.94 W, 100 %
