timestamp, temperature.gpu, pstate, clocks.current.graphics [MHz], clocks.current.memory [MHz], power.draw [W], utilization.gpu [%]
2026/10/03 23:05:29.794, 51, P8, 210 MHz, 405 MHz, 3.12 W, 12 %
2026/10/03 23:05:30.805, 55, P0, 2250 MHz, 8001 MHz, 7.46 W, 3 %
2026/10/03 23:05:31.809, 81, P0, 2475 MHz, 8001 MHz, 66.58 W, 100 %
2026/10/03 23:05:32.821, 84, P0, 2475 MHz, 8001 MHz, 68.54 W, 100 %
2026/10/03 23:05:33.836, 81, P0, 2175 MHz, 8001 MHz, 66.31 W, 100 %
2026/10/03 23:05:34.849, 82, P0, 2100 MHz, 8001 MHz, 64.75 W, 100 %
2026/10/03 23:05:35.861, 82, P0, 2040 MHz, 8001 MHz, 64.47 W, 100 %
2026/10/03 23:05:36.870, 65, P0, 2535 MHz, 8001 MHz, 49.49 W, 3 %
2026/10/03 23:05:37.880, 80, P0, 2355 MHz, 8001 MHz, 53.49 W, 100 %
2026/10/03 23:05:38.891, 85, P0, 2445 MHz, 8001 MHz, 63.13 W, 100 %
2026/10/03 23:05:39.903, 80, P0, 2010 MHz, 8001 MHz, 63.38 W, 100 %
2026/10/03 23:05:40.916, 86, P0, 2445 MHz, 8001 MHz, 60.76 W, 100 %
2026/10/03 23:05:41.919, 83, P0, 2100 MHz, 8001 MHz, 63.56 W, 100 %
2026/10/03 23:05:42.931, 83, P0, 1950 MHz, 8001 MHz, 62.39 W, 100 %
2026/10/03 23:05:43.942, 81, P0, 2490 MHz, 8001 MHz, 32.98 W, 85 %
2026/10/03 23:05:44.954, 82, P0, 2475 MHz, 8001 MHz, 65.91 W, 100 %
2026/10/03 23:05:45.969, 85, P0, 1995 MHz, 8001 MHz, 60.07 W, 100 %
2026/10/03 23:05:46.976, 82, P0, 2085 MHz, 8001 MHz, 59.89 W, 100 %
2026/10/03 23:05:47.977, 87, P0, 2430 MHz, 8001 MHz, 59.16 W, 100 %
2026/10/03 23:05:48.989, 82, P0, 2010 MHz, 8001 MHz, 59.45 W, 100 %
2026/10/03 23:05:50.002, 73, P0, 2535 MHz, 8001 MHz, 56.57 W, 2 %
2026/10/03 23:05:51.003, 71, P0, 2535 MHz, 8001 MHz, 26.96 W, 82 %
2026/10/03 23:05:52.017, 85, P0, 2460 MHz, 8001 MHz, 60.27 W, 100 %
2026/10/03 23:05:53.025, 86, P0, 1950 MHz, 8001 MHz, 60.51 W, 100 %
2026/10/03 23:05:54.034, 86, P0, 2250 MHz, 8001 MHz, 60.39 W, 100 %
2026/10/03 23:05:55.035, 86, P0, 1920 MHz, 8001 MHz, 58.75 W, 100 %
2026/10/03 23:05:56.048, 83, P0, 2010 MHz, 8001 MHz, 58.59 W, 100 %
2026/10/03 23:05:57.060, 85, P0, 2160 MHz, 8001 MHz, 58.31 W, 100 %
2026/10/03 23:05:58.070, 85, P0, 2460 MHz, 8001 MHz, 40.91 W, 100 %
2026/10/03 23:05:59.079, 84, P0, 2040 MHz, 8001 MHz, 58.41 W, 100 %
2026/10/03 23:06:00.091, 85, P0, 2055 MHz, 8001 MHz, 58.54 W, 100 %
2026/10/03 23:06:01.102, 84, P0, 2445 MHz, 8001 MHz, 57.83 W, 100 %
2026/10/03 23:06:02.114, 87, P0, 1875 MHz, 8001 MHz, 59.37 W, 100 %
2026/10/03 23:06:03.126, 85, P0, 2145 MHz, 8001 MHz, 56.40 W, 100 %
2026/10/03 23:06:04.132, 84, P0, 2415 MHz, 8001 MHz, 55.58 W, 51 %
2026/10/03 23:06:05.146, 83, P0, 2070 MHz, 8001 MHz, 41.11 W, 100 %
2026/10/03 23:06:06.152, 83, P0, 1905 MHz, 8001 MHz, 57.50 W, 100 %
2026/10/03 23:06:07.163, 82, P0, 1890 MHz, 8001 MHz, 57.06 W, 100 %
2026/10/03 23:06:08.175, 87, P0, 2220 MHz, 8001 MHz, 57.01 W, 100 %
2026/10/03 23:06:09.183, 86, P0, 2055 MHz, 8001 MHz, 57.28 W, 100 %
2026/10/03 23:06:10.196, 86, P0, 1740 MHz, 8001 MHz, 55.76 W, 100 %
