frame,renderPath,shadowMs,sceneMs,postProcessMs,frameMs
1,traditional,0.159520,0.616448,0.061440,0.837408
2,traditional,0.160640,0.648192,0.069632,0.878464
3,traditional,0.166656,0.630784,0.062464,0.859904
4,traditional,0.169792,0.645120,0.062464,0.877376
5,traditional,0.161792,0.882688,0.265216,1.309696
6,traditional,0.159840,0.620544,0.060416,0.840800
7,traditional,0.160736,0.615424,0.061440,0.837600
8,traditional,0.161184,0.617472,0.061440,0.840096
9,traditional,0.163552,0.617472,0.060416,0.841440
10,traditional,0.160544,0.605184,0.061440,0.827168
11,traditional,0.159008,0.605184,0.061440,0.825632
12,traditional,0.157888,0.582656,0.062464,0.803008
13,traditional,0.157952,0.603136,0.063488,0.824576
14,traditional,0.160736,0.600064,0.060416,0.821216
15,traditional,0.158848,0.573440,0.060416,0.792704
16,traditional,0.165120,0.602112,0.061440,0.828672
17,traditional,0.163136,0.604160,0.061440,0.828736
18,traditional,0.157344,0.587776,0.060416,0.805536
19,traditional,0.158432,0.577536,0.061440,0.797408
20,traditional,0.177280,0.580608,0.061440,0.819328
21,traditional,0.157696,0.598016,0.061440,0.817152
22,traditional,0.158464,0.607232,0.266240,1.031936
23,traditional,0.166816,0.571392,0.061440,0.799648
24,traditional,0.156384,0.583680,0.061440,0.801504
25,traditional,0.175552,0.572416,0.061440,0.809408
26,traditional,0.163456,0.588800,0.243712,0.995968
27,traditional,0.159200,0.557056,0.060416,0.776672
28,traditional,0.157280,0.582656,0.061440,0.801376
29,traditional,0.158112,0.556032,0.061440,0.775584
30,traditional,0.173344,0.561152,0.060416,0.794912
31,traditional,0.156416,0.546816,0.061440,0.764672
32,traditional,0.158880,0.555008,0.061440,0.775328
33,traditional,0.156960,0.536576,0.061440,0.754976
34,traditional,0.159104,0.529408,0.060416,0.748928
35,traditional,0.156416,0.559104,0.060416,0.775936
36,traditional,0.167136,0.523264,0.060416,0.750816
37,traditional,0.157696,0.544768,0.061440,0.763904
38,traditional,0.155200,0.533504,0.060416,0.749120
39,traditional,0.154624,0.512000,0.060416,0.727040
40,traditional,0.153600,0.536576,0.060416,0.750592
41,traditional,0.153184,0.512000,0.061440,0.726624
42,traditional,0.159552,0.741376,0.061440,0.962368
43,traditional,0.158368,0.508928,0.060416,0.727712
44,traditional,0.153920,0.524288,0.060416,0.738624
45,traditional,0.153152,0.504832,0.061440,0.719424
46,traditional,0.154048,0.510976,0.060416,0.725440
47,traditional,0.154240,0.497664,0.061440,0.713344
48,traditional,0.155776,0.495616,0.060416,0.711808
49,traditional,0.155456,0.805888,0.061440,1.022784
50,traditional,0.156672,0.518144,0.060416,0.735232
51,traditional,0.155136,0.701440,0.060416,0.916992
52,traditional,0.151648,0.496640,0.061440,0.709728
53,traditional,0.152992,0.730112,0.061440,0.944544
54,traditional,0.154528,0.494592,0.060416,0.709536
55,traditional,0.156992,0.497664,0.060416,0.715072
56,traditional,0.151264,0.496640,0.060416,0.708320
57,traditional,0.156768,0.706560,0.060416,0.923744
58,traditional,0.152032,0.492544,0.060416,0.704992
59,traditional,0.151072,0.677888,0.060416,0.889376
60,traditional,0.155744,0.503808,0.060416,0.719968
61,traditional,0.153312,0.560128,0.060416,0.773856
62,traditional,0.154144,0.499712,0.060416,0.714272
63,traditional,0.153760,0.530432,0.059392,0.743584
64,traditional,0.149568,0.497664,0.060416,0.707648
65,traditional,0.152288,0.711680,0.059392,0.923360
66,traditional,0.153696,0.500736,0.060416,0.714848
67,traditional,0.151552,0.505856,0.060416,0.717824
68,traditional,0.152256,0.488448,0.060416,0.701120
69,traditional,0.146944,0.719872,0.060416,0.927232
70,traditional,0.149728,0.503808,0.059392,0.712928
71,traditional,0.160576,0.730112,0.060416,0.951104
72,traditional,0.154016,0.500736,0.059392,0.714144
73,traditional,0.150624,0.802816,0.060416,1.013856
74,traditional,0.150592,0.496640,0.059392,0.706624
75,traditional,0.149248,0.502784,0.060416,0.712448
76,traditional,0.149696,0.493568,0.059392,0.702656
77,traditional,0.167744,0.501760,0.059392,0.728896
78,traditional,0.147808,0.493568,0.060416,0.701792
79,traditional,0.152000,0.724992,0.059392,0.936384
80,traditional,0.149184,0.493568,0.060416,0.703168
81,traditional,0.147648,0.747520,0.060416,0.955584
82,traditional,0.146208,0.504832,0.059392,0.710432
83,traditional,0.147456,0.707584,0.059392,0.914432
84,traditional,0.147104,0.492544,0.059392,0.699040
85,traditional,0.147872,0.502784,0.059392,0.710048
86,traditional,0.149952,0.521216,0.059392,0.730560
87,traditional,0.143968,0.704512,0.059392,0.907872
88,traditional,0.148128,0.492544,0.059392,0.700064
89,traditional,0.146656,0.706560,0.059392,0.912608
90,traditional,0.142400,0.491520,0.059392,0.693312
91,traditional,0.143424,0.744448,0.059392,0.947264
92,traditional,0.147328,0.509952,0.059392,0.716672
93,traditional,0.144704,0.700416,0.059392,0.904512
94,traditional,0.147104,0.485376,0.059392,0.691872
95,traditional,0.145472,0.697344,0.059392,0.902208
96,traditional,0.143904,0.489472,0.059392,0.692768
97,traditional,0.144128,0.792576,0.060416,0.997120
98,traditional,0.147232,0.476160,0.059392,0.682784
99,traditional,0.146496,0.488448,0.059392,0.694336
100,traditional,0.145568,0.480256,0.059392,0.685216
101,traditional,0.147776,0.480256,0.059392,0.687424
102,traditional,0.147488,0.490496,0.059392,0.697376
103,traditional,0.149056,0.509952,0.059392,0.718400
104,traditional,0.161472,0.476160,0.059392,0.697024
105,traditional,0.148576,0.510976,0.059392,0.718944
106,traditional,0.147328,0.476160,0.059392,0.682880
107,traditional,0.151392,0.488448,0.058368,0.698208
108,traditional,0.149792,0.471040,0.059392,0.680224
109,traditional,0.149664,0.689152,0.059392,0.898208
110,traditional,0.148608,0.465920,0.058368,0.672896
111,traditional,0.154080,0.669696,0.060416,0.884192
112,traditional,0.152224,0.468992,0.058368,0.679584
113,traditional,0.147168,0.675840,0.059392,0.882400
114,traditional,0.174144,0.471040,0.059392,0.704576
115,traditional,0.155744,0.460800,0.059392,0.675936
116,traditional,0.151424,0.681984,0.058368,0.891776
117,traditional,0.152672,0.465920,0.059392,0.677984
118,traditional,0.157536,0.705536,0.059392,0.922464
119,traditional,0.154176,0.462848,0.059392,0.676416
120,traditional,0.152704,0.462848,0.058368,0.673920
121,traditional,0.164512,0.480256,0.059392,0.704160
122,traditional,0.154624,0.445440,0.058368,0.658432
123,traditional,0.153440,0.660480,0.058368,0.872288
124,traditional,0.155072,0.449536,0.058368,0.662976
125,traditional,0.152768,0.462848,0.058368,0.673984
126,traditional,0.154496,0.445440,0.058368,0.658304
127,traditional,0.153056,0.626688,0.059392,0.839136
128,traditional,0.152704,0.456704,0.058368,0.667776
129,traditional,0.155168,0.449536,0.058368,0.663072
130,traditional,0.155872,0.448512,0.058368,0.662752
131,traditional,0.159936,0.443392,0.058368,0.661696
132,traditional,0.152832,0.442368,0.058368,0.653568
133,traditional,0.157760,0.444416,0.058368,0.660544
134,traditional,0.153024,0.444416,0.058368,0.655808
135,traditional,0.156672,0.665600,0.058368,0.880640
136,traditional,0.156096,0.445440,0.058368,0.659904
137,traditional,0.153216,0.422912,0.058368,0.634496
138,traditional,0.153216,0.423936,0.058368,0.635520
139,traditional,0.151712,0.444416,0.058368,0.654496
140,traditional,0.153824,0.446464,0.058368,0.658656
141,traditional,0.153408,0.424960,0.058368,0.636736
142,traditional,0.152672,0.429056,0.057344,0.639072
143,traditional,0.140416,0.384000,0.051200,0.575616
144,traditional,0.140992,0.399360,0.052224,0.592576
145,traditional,0.140736,0.617472,0.053248,0.811456
146,traditional,0.143616,0.379904,0.052224,0.575744
147,traditional,0.142272,0.624640,0.053248,0.820160
148,traditional,0.137408,0.378880,0.052224,0.568512
149,traditional,0.136992,0.375808,0.052224,0.565024
150,traditional,0.141728,0.387072,0.052224,0.581024
