timestamp, temperature.gpu, pstate, clocks.current.graphics [MHz], power.draw [W], utilization.gpu [%]
2026/10/04 02:40:00.532, 56, P0, 2250 MHz, 20.21 W, 2 %
2026/10/04 02:40:01.545, 56, P0, 2250 MHz, 19.99 W, 2 %
2026/10/04 02:40:02.560, 53, P5, 495 MHz, 14.35 W, 6 %
2026/10/04 02:40:03.568, 52, P8, 345 MHz, 6.35 W, 12 %
2026/10/04 02:40:04.583, 52, P8, 225 MHz, 3.26 W, 11 %
2026/10/04 02:40:05.596, 52, P8, 210 MHz, 3.17 W, 13 %
2026/10/04 02:40:06.608, 79, P0, 2505 MHz, 29.48 W, 100 %
2026/10/04 02:40:07.618, 77, P0, 2055 MHz, 68.48 W, 100 %
2026/10/04 02:40:08.633, 79, P0, 2055 MHz, 63.60 W, 100 %
2026/10/04 02:40:09.646, 84, P0, 2445 MHz, 63.64 W, 100 %
2026/10/04 02:40:10.657, 85, P0, 2445 MHz, 64.43 W, 100 %
2026/10/04 02:40:11.665, 84, P0, 2460 MHz, 62.35 W, 100 %
2026/10/04 02:40:12.677, 63, P0, 2535 MHz, 37.92 W, 2 %
2026/10/04 02:40:13.689, 61, P0, 2550 MHz, 25.17 W, 2 %
2026/10/04 02:40:14.701, 56, P5, 450 MHz, 10.48 W, 6 %
2026/10/04 02:40:15.703, 55, P8, 315 MHz, 4.57 W, 12 %
2026/10/04 02:40:16.713, 54, P8, 240 MHz, 3.26 W, 12 %
2026/10/04 02:40:17.726, 56, P0, 2250 MHz, 6.58 W, 3 %
2026/10/04 02:40:18.739, 82, P0, 2265 MHz, 59.53 W, 100 %
2026/10/04 02:40:19.739, 84, P0, 2460 MHz, 64.65 W, 100 %
2026/10/04 02:40:20.749, 86, P0, 2460 MHz, 63.96 W, 100 %
2026/10/04 02:40:21.764, 84, P0, 2475 MHz, 61.37 W, 100 %
2026/10/04 02:40:22.774, 83, P0, 2235 MHz, 61.37 W, 100 %
2026/10/04 02:40:23.788, 67, P0, 2535 MHz, 51.73 W, 2 %
2026/10/04 02:40:24.799, 63, P0, 2535 MHz, 25.61 W, 2 %
2026/10/04 02:40:25.811, 58, P5, 525 MHz, 17.34 W, 6 %
2026/10/04 02:40:26.826, 56, P8, 360 MHz, 6.16 W, 8 %
2026/10/04 02:40:27.835, 55, P8, 270 MHz, 3.37 W, 12 %
2026/10/04 02:40:28.846, 55, P8, 210 MHz, 3.31 W, 13 %
2026/10/04 02:40:29.856, 82, P0, 2325 MHz, 38.79 W, 100 %
2026/10/04 02:40:30.868, 85, P0, 2475 MHz, 65.44 W, 100 %
2026/10/04 02:40:31.878, 83, P0, 2070 MHz, 64.45 W, 100 %
2026/10/04 02:40:32.893, 83, P0, 2460 MHz, 61.46 W, 100 %
2026/10/04 02:40:33.902, 84, P0, 2205 MHz, 60.71 W, 100 %
2026/10/04 02:40:34.911, 83, P0, 2100 MHz, 60.28 W, 100 %
